step,split,loss,ppl,lr,tokens_per_sec,elapsed_sec
0,valid,8.348213479873982,4222.630186715228,0.0,0.0,0.0
20,train,8.21893310546875,3710.5415135235207,1.1999999999999999e-05,266308.4215099167,0.6152265071868896
40,train,7.881670951843262,2648.2940364381234,2.3999999999999997e-05,366971.9363978109,0.8929293155670166
60,train,7.564660549163818,1928.8139304164827,3.5999999999999994e-05,419575.8584274822,1.171468734741211
80,train,7.275177001953125,1444.0067615463408,4.7999999999999994e-05,451367.0870689603,1.4519445896148682
100,train,6.967380523681641,1061.4386922249448,5.9999999999999995e-05,473079.6018666134,1.7316324710845947
120,train,6.6200056076049805,749.9493025195352,7.199999999999999e-05,489063.02702570625,2.010047674179077
140,train,6.278841018676758,533.1703710977005,8.4e-05,500355.66999740375,2.2921295166015625
160,train,6.0424485206604,420.9224113682632,9.599999999999999e-05,508848.9388452884,2.575852870941162
180,train,5.937114238739014,378.84010849263643,0.00010799999999999998,516142.1590108502,2.8568873405456543
200,train,5.9676642417907715,390.5922753161886,0.00011999999999999999,522252.0965936623,3.1371822357177734
220,train,5.891002655029297,361.76783092246444,0.00013199999999999998,527633.319200556,3.415705442428589
240,train,5.847248554229736,346.2802970675629,0.00014399999999999998,531863.3630345956,3.6965885162353516
250,valid,5.8756439838003605,356.25400862503733,0.00015,533777.1728671354,3.8368070125579834
260,train,5.955419063568115,385.8385676902653,0.000156,502656.58275658055,4.237326383590698
280,train,5.862395286560059,351.5652357741199,0.000168,507626.4180828831,4.518598556518555
300,train,5.850496768951416,347.4069185900607,0.00017999999999999998,512116.0999289799,4.798911809921265
320,train,5.7747697830200195,322.07028013574757,0.00019199999999999998,515899.15780810633,5.081303119659424
340,train,5.910297393798828,368.81582263993437,0.000204,519395.5665073383,5.36254096031189
360,train,5.891642093658447,361.99923322424087,0.00021599999999999996,522578.81242621236,5.643397569656372
380,train,5.839566230773926,343.63025210377856,0.00022799999999999999,525634.3749592138,5.92229151725769
400,train,5.838304042816162,343.1967997443691,0.00023999999999999998,528257.4067275922,6.203036546707153
420,train,5.839984893798828,343.7741475043123,0.000252,530630.652101692,6.484058141708374
440,train,5.880358695983887,357.9376094679746,0.00026399999999999997,532919.0785813114,6.763653516769409
460,train,5.868374824523926,353.67373107965864,0.000276,534886.4541850574,7.045083999633789
480,train,5.871746063232422,354.8680617077193,0.00028799999999999995,536603.8677314493,7.327863693237305
500,train,5.817738056182861,336.21070316741384,0.0003,538540.049566124,7.605748176574707
500,valid,5.8219164888909525,337.6184760602626,0.0003,538540.049566124,7.605748176574707
520,train,5.679971694946289,292.9411380905529,0.00029999703912842054,522721.876865282,8.149343252182007
540,train,5.657546043395996,286.4448561321722,0.00029998752510231383,524834.227752589,8.428718566894531
560,train,5.475149154663086,238.68606541542388,0.00029997145013596697,526746.5609135833,8.709159851074219
580,train,5.315279960632324,203.42145515692675,0.0002999488149325511,528499.841835496,8.99027705192566
600,train,5.290287017822266,198.40036167787392,0.0002999196204822032,530263.9474948271,9.269345998764038
620,train,5.286322593688965,197.61537553310387,0.00029988386806198316,531787.2244820095,9.55088758468628
640,train,5.203804969787598,181.96329115589475,0.0002998415592358178,533295.3463772422,9.831100225448608
660,train,5.149687767028809,172.37765992455468,0.000299792695854432,534780.3058837601,10.110170364379883
680,train,5.103260040283203,164.55749787410232,0.0002997372800552686,536089.9107931042,10.391092777252197
700,train,5.1868896484375,178.91120985358307,0.000299675314262394,537373.2960571152,10.67116665840149
720,train,5.1258697509765625,168.32047490329919,0.00029960680118639284,538663.1710869767,10.949774026870728
740,train,5.04639196395874,155.46054413530769,0.0002995317438242489,539760.0299865193,11.231065034866333
750,valid,5.0554047746861235,156.86801369608116,0.00029949176205071125,540296.1872158785,11.371540546417236
760,train,5.014819145202637,150.6288923445469,0.00029945014545921443,528920.1139474879,11.771002531051636
780,train,4.944611549377441,140.41629545870572,0.00029936200966066627,530078.3382397783,12.0543692111969
800,train,5.020283222198486,151.45419290967712,0.0002992673402839497,531375.5238891634,12.333274126052856
820,train,4.98519229888916,146.2316925146202,0.0002991661414702101,532600.5375338206,12.612529516220093
840,train,4.915498733520508,136.38731376835466,0.0002990584176462111,533639.4255034529,12.894999265670776
860,train,4.994145393371582,147.5467970168029,0.00029894417352414215,534780.7296796715,13.173847913742065
880,train,5.022099018096924,151.7294526440818,0.00029882341410141097,535692.3033284387,13.457277536392212
900,train,4.974979400634766,144.74584344497515,0.000298696144660426,536701.1895665285,13.737252950668335
920,train,4.900252342224121,134.32367094253573,0.00029856237076836484,537662.7226318759,14.017412185668945
940,train,4.922323703765869,137.3213368409274,0.00029842209827693093,538712.6358237223,14.294225692749023
960,train,4.940188884735107,139.79665252004654,0.0002982753333220975,539642.2701742111,14.573209762573242
980,train,4.959107398986816,142.466573318246,0.00029812208232383905,540523.3919574718,14.852567195892334
1000,train,4.858841896057129,128.87486516073616,0.0002979623519858508,541252.4520844584,15.135266304016113
1000,valid,4.845538981417392,127.17180676595164,0.0002979623519858508,541252.4520844584,15.135266304016113
1020,train,4.786576271057129,119.89019366297728,0.00029779614929525516,475231.87460395857,17.582659006118774
1040,train,4.678591728210449,107.61840983468234,0.00029762348152229616,476956.599903971,17.862589597702026
1060,train,4.753355503082275,115.97277938350693,0.00029744435622002164,478521.3993197123,18.146565675735474
1080,train,4.8180646896362305,123.72541185625278,0.0002972587812239526,480101.64947756036,18.42809748649597
1100,train,4.80276346206665,121.84667134661007,0.0002970667646517405,481695.53486403124,18.707252502441406
1120,train,4.8261260986328125,124.72684405850242,0.00029686831490281226,483161.89314996364,18.989577054977417
1140,train,4.785274028778076,119.73416919682305,0.00029666344065800283,484611.9494989884,19.270841360092163
1160,train,4.693141937255859,109.1957275183832,0.0002964521508791754,486034.1729207875,19.551547050476074
1180,train,4.6090545654296875,100.38919334210934,0.0002962344548088293,487334.93552175607,19.835557222366333
1200,train,4.586085319519043,98.10960965481121,0.00029601036196969595,488696.9253532519,20.115534782409668
1220,train,4.559577941894531,95.54314655974565,0.00029577988216432203,490006.73214938294,20.396127939224243
1240,train,4.506461143493652,90.60062790046733,0.00029554302547464095,491201.1451092836,20.680082082748413
1250,valid,4.501246695822858,90.12942526576413,0.0002954222090250759,491818.7470939388,20.82067847251892
1260,train,4.601422309875488,99.62591384091522,0.00029529980226153163,486338.76987716026,21.223724365234375
1280,train,4.496278285980225,89.68273592889217,0.00029505022316436523,487591.91058585764,21.505196809768677
1300,train,4.591945171356201,98.6862051633944,0.0002947942991005401,488851.3120227574,21.784947156906128
1320,train,4.383068084716797,80.08335940322583,0.0002945320412650038,490022.0859702559,22.06725025177002
1340,train,4.416141033172607,82.77623747392028,0.0002942634611297637,491168.2451495508,22.349327564239502
1360,train,4.460273742675781,86.5111876592598,0.00029398857044338504,492323.60144047806,22.629668712615967
1380,train,4.259603977203369,70.78194663857514,0.00029370738123047686,493342.7227517598,22.91502332687378
1400,train,4.398477554321289,81.32695848913143,0.00029341990579116625,494421.07203626184,23.196422338485718
1420,train,4.194277286529541,66.3057941662616,0.00029312615670056035,495521.7233893992,23.475539922714233
1440,train,4.262325286865234,70.97482856053456,0.00029282614680819585,496522.0965618114,23.758217573165894
1460,train,4.245467185974121,69.78835667038366,0.00029251988923747747,497528.91427106765,24.03944706916809
1480,train,4.252712249755859,70.29581382567119,0.0002922073973851034,498526.6250548868,24.319984912872314
1500,train,4.286289215087891,72.69620737980023,0.0002918886849204797,499471.2101642875,24.60201859474182
1500,valid,4.229253677611656,68.66596609789977,0.0002918886849204797,499471.2101642875,24.60201859474182
1520,train,4.223778247833252,68.29101786049226,0.00029156376578512184,495124.96560182906,25.14888334274292
1540,train,4.1391119956970215,62.74707702782173,0.00029123265419204563,496090.1894406662,25.430214643478394
1560,train,4.0750412940979,58.85291081603098,0.0002908953646251447,497040.19473824365,25.711240530014038
1580,train,4.036215782165527,56.611705918064075,0.00029055191183855736,497947.68757274124,25.99341320991516
1600,train,4.138104438781738,62.68388761525901,0.00029020231085602114,498846.44862741686,26.27501916885376
1620,train,4.102872371673584,60.51385648807899,0.0002898465769702156,499737.45032196713,26.5560245513916
1640,train,3.908388376235962,49.81859840386009,0.0002894847257420933,500554.3713455348,26.840001344680786
1660,train,3.8698983192443848,47.937511510605745,0.0002891167730001992,501430.61810029956,27.11984372138977
1680,train,3.9866867065429688,53.87608602961031,0.0002887427348399782,502271.54514717695,27.400636434555054
1700,train,3.8891191482543945,48.86782225336167,0.0002883626276230712,503047.18446277524,27.684082984924316
1720,train,3.91426682472229,50.11231692702743,0.00028797646797659916,503825.3513856326,27.966516494750977
1740,train,3.9570086002349854,52.300639589193665,0.00028758427279243606,504577.37546518643,28.249542474746704
1750,valid,3.8129967780823404,45.28594765539249,0.0002873859172246428,504958.50389389123,28.390451669692993
1760,train,3.8819198608398438,48.5172721252747,0.0002871860592264698,500749.40024713724,28.792685508728027
1780,train,3.804234027862549,44.890851798915755,0.0002867818446978518,501519.2176795612,29.07517695426941
1800,train,3.795121192932129,44.48362718006994,0.000286371646888235,502283.1166917703,29.35714840888977
1820,train,3.7808799743652344,43.854615698647486,0.0002859554837410004,503089.94672339613,29.63573431968689
1840,train,3.8759608268737793,48.22901577044423,0.00028553337346047227,503876.5685331874,29.91462779045105
1860,train,3.6546096801757812,38.65243136022357,0.0002851053345111218,504643.8209042795,30.19381070137024
1880,train,3.8144283294677734,45.350823241787666,0.00028467138561675913,505335.66494537104,30.476693153381348
1900,train,3.7933945655822754,44.40688680284236,0.0002842315457597149,506040.6634038665,30.758002519607544
1920,train,3.6828770637512207,39.76062351973181,0.00028378583418000913,506745.44384290173,31.03854250907898
1940,train,3.6015827655792236,36.65620673558747,0.00028333427037451037,507406.9517568387,31.320974111557007
1960,train,3.585148811340332,36.05872326656212,0.0002828768740960823,508079.23168892966,31.60200023651123
1980,train,3.4849166870117188,32.61970935118578,0.00028241366535271994,508724.6793449446,31.883965253829956
2000,train,3.3814663887023926,29.413871673594624,0.0002819446644066742,509349.1801035281,32.16653847694397
2000,valid,3.5336224525532822,34.247804229081446,0.0002819446644066742,509349.1801035281,32.16653847694397
2020,train,3.4760348796844482,32.33127020428165,0.00028146989177356587,480398.8459808138,34.44604444503784
2040,train,3.470240831375122,32.14448291266442,0.000280989368221488,481216.1289333799,34.728013038635254
2060,train,3.4793734550476074,32.439390970681856,0.00028050311477009743,481993.24629910593,35.011942863464355
2080,train,3.441775321960449,31.24237423615149,0.00028001115268969535,482583.8112822881,35.30860257148743
2100,train,3.420767068862915,30.592872863210335,0.00027951350350029685,483273.45508109283,35.5972375869751
2120,train,3.3612661361694336,28.825665000833272,0.00027901018897068974,483860.746906265,35.892640829086304
2140,train,3.434291362762451,31.00943034068184,0.0002785012311174819,484559.5300965666,36.179001569747925
2160,train,3.4108023643493652,30.289537757233624,0.0002779866522041388,485123.2938267137,36.47468638420105
2180,train,3.402822494506836,30.048793021685057,0.00027746647474000905,485602.5964738036,36.77608013153076
2200,train,3.3470005989074707,28.417370596341662,0.00027694072147934007,486300.4739104712,37.06021475791931
2220,train,3.2705981731414795,26.32708278796084,0.0002764094154202826,486995.1439228858,37.34378099441528
2240,train,3.4204139709472656,30.582072490475372,0.00027587257980388495,487676.91173993476,37.62753486633301
2250,valid,3.3229664488041655,27.742525395817488,0.0002756020957406784,488021.85905120696,37.768800020217896
2260,train,3.3340415954589844,28.05148566524499,0.0002753302381130761,484980.26360869344,38.17458438873291
2280,train,3.176445484161377,23.96143071621678,0.00027478241407163847,485664.4699015837,38.4581561088562
2300,train,3.207021474838257,24.705390898956626,0.00027422913164317045,486353.0775227218,38.74057936668396
2320,train,3.2482972145080566,25.74646186860401,0.00027367041503003774,487015.120338834,39.02433252334595
2340,train,3.3440628051757812,28.334008733067783,0.000273106288672315,487660.22515669616,39.30868053436279
2360,train,3.2572519779205322,25.97805070742835,0.00027253677724671673,488300.38933475217,39.59267783164978
2380,train,3.078974723815918,21.736105456630337,0.00027196190566551755,488941.330628441,39.87586808204651
2400,train,3.1831514835357666,24.1226560398718,0.0002713816990754628,489605.1307474559,40.15644192695618
2420,train,3.070000171661377,21.54190637291541,0.00027079618285666824,490276.0776808523,40.43566656112671
2440,train,3.229930877685547,25.277909642954853,0.00027020538262151025,490975.27520894475,40.711785316467285
2460,train,3.2014756202697754,24.56875761832198,0.0002696093242135049,491494.428731326,41.00213313102722
2480,train,3.205646276473999,24.671439436152756,0.00026900803370617804,492135.2417994441,41.28166055679321
2500,train,3.20725679397583,24.71120523432174,0.0002684015374019242,492533.36620736675,41.580939292907715
2500,valid,3.119014800863063,22.624079436372185,0.0002684015374019242,492533.36620736675,41.580939292907715
2520,train,3.077636241912842,21.70703153463308,0.00026778986183085673,489878.4000553456,42.14074349403381
2540,train,3.1839590072631836,24.142143524236346,0.00026717303374964647,490292.00161246187,42.43936252593994
2560,train,3.002291202545166,20.131609717403443,0.000266551080140352,490843.19396569696,42.72549819946289
2580,train,3.0621209144592285,21.372839088964433,0.0002659240282092391,491251.10104052455,43.023537158966064
2600,train,3.0388495922088623,20.881207508493866,0.0002652919053855905,491654.4832999271,43.32148027420044
2620,train,3.0756773948669434,21.664552398684215,0.00026465473932050647,492236.4689571529,43.603108167648315
2640,train,3.0234763622283936,20.562650799816844,0.0002640125578856946,492719.9526843929,43.8928439617157
2660,train,3.0329675674438477,20.758744247855418,0.0002633653891722514,493218.9543518382,44.18062162399292
2680,train,3.054079532623291,21.201661105114603,0.00026271326148943284,493603.2304391691,44.47815299034119
2700,train,3.079315423965454,21.743512212679544,0.0002620562033634164,494085.3666502748,44.766353130340576
2720,train,2.9984002113342285,20.053429997867294,0.0002613942435360531,494423.87532770727,45.067079305648804
2740,train,2.9030308723449707,18.229312443985826,0.00026072741096361024,494815.7676393761,45.362499475479126
2750,valid,2.9519350072170827,19.142959678428742,0.00026039217650513546,495074.4433951285,45.50426769256592
2760,train,3.0527453422546387,21.1733929148356,0.00026005573481550475,492372.81884463714,45.92032527923584
2780,train,2.9529924392700195,19.163212763824436,0.0002593792444730273,492864.9298807036,46.2068989276886
2800,train,2.957456111907959,19.248942264163627,0.00025869796952805697,493196.4886714019,46.50803589820862
2820,train,2.851207971572876,17.30867760779461,0.00025801193978176694,493546.86602168984,46.80698347091675
2840,train,2.9033169746398926,18.234528638257892,0.00025732118524332065,493968.2977821575,47.09873104095459
2860,train,2.909919261932373,18.355316534402835,0.0002566257361285594,494297.4312509473,47.39883017539978
2880,train,2.866537094116211,17.576048492846756,0.0002559256228586804,494765.3450099687,47.68515062332153
2900,train,2.9572458267211914,19.244894922307463,0.0002552208760589061,495136.2115321642,47.980332374572754
2920,train,2.916919231414795,18.484253942455208,0.00025451152655714464,495576.7731825107,48.2682831287384
2940,train,2.8890061378479004,17.975435615756588,0.0002537976053826412,495895.9976843637,48.56760311126709
2960,train,2.83266282081604,16.990643680588953,0.0002530791437646207,496311.9020013499,48.85701894760132
2980,train,2.868222236633301,17.605691608867247,0.0002523561731309218,496809.6046401286,49.137858390808105
3000,train,2.759695529937744,15.795033101358657,0.00025162872510662215,497305.4077270579,49.41832447052002
3000,valid,2.8635971698355167,17.52445212299718,0.00025162872510662215,497305.4077270579,49.41832447052002
3020,train,2.8098907470703125,16.60810363568549,0.000250896831512655,478704.96030122077,51.68076801300049
3040,train,2.8739686012268066,17.707151565534154,0.00025016052436441694,479271.2545885886,51.96155571937561
3060,train,2.803666830062866,16.505057185925068,0.0002494198358703681,479805.3254028757,52.24518918991089
3080,train,2.839120388031006,17.100716924361148,0.0002486747984306228,480357.4283475307,52.526220083236694
3100,train,2.7935075759887695,16.338226986539592,0.00024792544463553203,480915.7662948299,52.80592107772827
3120,train,2.772444248199463,15.997688582328852,0.0002471718072642585,481439.683306677,53.08876872062683
3140,train,2.7317447662353516,15.359662675307169,0.0002464139192833422,481971.1635089339,53.370163917541504
3160,train,2.909310817718506,18.344151745183915,0.0002456518138452587,482496.7212772638,53.65159773826599
3180,train,2.843242883682251,17.17136006849409,0.0002448855242869687,483002.1702623906,53.934664487838745
3200,train,2.7800800800323486,16.120311811431993,0.00024411508412845983,483511.7541480208,54.216675758361816
3220,train,2.695070743560791,14.806566185452795,0.00024334052707128065,484028.8158433278,54.49725127220154
3240,train,2.756899833679199,15.750936655269447,0.00024256188699706604,484519.6186768349,54.78019666671753
3250,valid,2.745552433297989,15.573214718652737,0.00024217104646545915,484766.87901602976,54.92124390602112
3260,train,2.655381679534912,14.230416481668385,0.00024177919796605516,482690.10660105344,55.32725787162781
3280,train,2.7667462825775146,15.906793507185439,0.00024099249421560194,483179.72003309254,55.610280990600586
3300,train,2.645601987838745,14.091925698149536,0.00024020181015867693,483678.42114708596,55.89168095588684
3320,train,2.6363213062286377,13.961748025597874,0.00023940718038236223,484189.77884415747,56.17103290557861
3340,train,2.698849678039551,14.862625083662996,0.00023860863964633846,484667.42369866837,56.45372200012207
3360,train,2.706242084503174,14.972902755885277,0.00023780622288136443,485149.2016376129,56.735371112823486
3380,train,2.6591949462890625,14.284784449637634,0.00023699996518774884,485628.96736509167,57.01669764518738
3400,train,2.712221145629883,15.062694825343794,0.0002361899018338151,486086.48580320313,57.30009126663208
3420,train,2.637878894805908,13.983511629811913,0.00023537606825435863,486548.1995689412,57.58245539665222
3440,train,2.6924619674682617,14.767989510408004,0.00023455850004909658,487021.67927234125,57.86288619041443
3460,train,2.7686386108398438,15.93692288044352,0.00023373723298111086,487466.04756855854,58.146244525909424
3480,train,2.6344571113586426,13.935744851574766,0.00023291230297528353,487916.3411656277,58.42837715148926
3500,train,2.689567804336548,14.725310329683822,0.00023208374611672543,488382.9490138533,58.7080283164978
3500,valid,2.6699639026154864,14.439447957090245,0.00023208374611672543,488382.9490138533,58.7080283164978
3520,train,2.5484776496887207,12.78762171725963,0.0002312515986491977,486633.8630697083,59.255720138549805
3540,train,2.6917147636413574,14.756958933687924,0.00023041589697352636,487107.5287041229,59.53445243835449
3560,train,2.686497211456299,14.680164244721368,0.00022957667764601008,487538.4878685846,59.8178825378418
3580,train,2.6580076217651367,14.26783383967037,0.00022873397737682087,487981.4920271262,60.09932851791382
3600,train,2.6087164878845215,13.581607502073652,0.0002278878330283985,488425.8531771371,60.380096197128296
3620,train,2.5152769088745117,12.370033677001167,0.0002270382816138378,488847.5484026553,60.66316604614258
3640,train,2.5683045387268066,13.043690610420981,0.00022618536029526997,489280.12578079535,60.94439244270325
3660,train,2.579068899154663,13.184856012008234,0.00022532910638223643,489725.0172672204,61.22358250617981
3680,train,2.6834609508514404,14.635659039243988,0.0002244695573300573,490164.8188273773,61.502904415130615
3700,train,2.621037483215332,13.749981562675197,0.0002236067507381926,490583.8228169938,61.78434467315674
3720,train,2.606384515762329,13.549972472344152,0.00022274072434859787,491006.38278339175,62.064855098724365
3740,train,2.6459007263183594,14.096136127484755,0.00022187151604407285,491397.9766993958,62.348811864852905
3750,valid,2.5852255922682743,13.266281522960808,0.00022143573055019084,491595.79356074653,62.49036383628845
3760,train,2.6033377647399902,13.508751906148952,0.00022099916384660457,489730.8331517429,62.89561104774475
3780,train,2.4981212615966797,12.159627728011863,0.0002201237059157043,490133.0042110328,63.178279638290405
3800,train,2.6273136138916016,13.836549615807646,0.00021924518054673798,490543.92736347957,63.45935249328613
3820,train,2.602390766143799,13.495965192513063,0.00021836362616925125,490952.5780451126,63.74024987220764
3840,train,2.521390438079834,12.445889877442912,0.00021747908134528847,491341.6120073027,64.02323603630066
3860,train,2.506108045578003,12.257132906055539,0.0002165915847677057,491748.1648843823,64.30348348617554
3880,train,2.6312623023986816,13.89129385309189,0.0002157011752584784,492145.82077183574,64.58443546295166
3900,train,2.4995839595794678,12.177426604978427,0.00021480789176700298,492519.76741175604,64.86805629730225
3920,train,2.575413703918457,13.13675075972655,0.00021391177336839323,492907.8429911563,65.14937925338745
3940,train,2.5373809337615967,12.646505522890816,0.00021301285926177095,493300.61631388427,65.42963647842407
3960,train,2.5021629333496094,12.20887240029203,0.00021211118876855115,493665.3924313395,65.71317434310913
3980,train,2.534759998321533,12.613403246786335,0.00021120680133072226,494049.9545698097,65.99365043640137
4000,train,2.4807777404785156,11.950555235005494,0.00021029973650912065,494432.28270230023,66.2739896774292
4000,valid,2.5226142152826836,12.461130197220028,0.00021029973650912065,494432.28270230023,66.2739896774292
4020,train,2.651184558868408,14.170814871629096,0.0002093900339817001,480508.9909654937,68.53532528877258
4040,train,2.4884192943573,12.042225853621728,0.00020847773354179612,480931.0594384115,68.8158507347107
4060,train,2.5260300636291504,12.503768309403288,0.00020756287509638544,481324.7951017044,69.09995150566101
4080,train,2.531327962875366,12.570187800637145,0.0002066454986643402,481737.57254582964,69.38084530830383
4100,train,2.4698431491851807,11.82059263664589,0.00020572564437467742,482133.30047809234,69.66372156143188
4120,train,2.5075981616973877,12.275411072289222,0.0002048033524648036,482536.8804494452,69.94499564170837
4140,train,2.553185224533081,12.84796232109407,0.00020387866327875476,482940.8870980566,70.22573757171631
4160,train,2.5061540603637695,12.257696928376907,0.00020295161726543147,483323.78991000145,70.50908875465393
4180,train,2.4573302268981934,11.673604025996854,0.00020202225497682947,483712.75360817433,70.79110431671143
4200,train,2.4857451915740967,12.010066721526611,0.0002010906170662661,484113.18303520465,71.07098340988159
4220,train,2.5356192588806152,12.624246104464937,0.00020015674428660162,484496.49308132264,71.35292100906372
4240,train,2.514045476913452,12.354810197435345,0.0001992206774884567,484881.0285864895,71.63423180580139
4250,valid,2.479604863105936,11.936546915806773,0.00019875183412456474,485058.935238934,71.77684497833252
4260,train,2.358003616333008,10.56982894126978,0.0001982824576184255,483456.56680131494,72.18418860435486
4280,train,2.442387104034424,11.50046079888176,0.00019734212571728465,483838.93097592297,72.46576857566833
4300,train,2.3949203491210938,10.967324467256635,0.00019639972291819776,484227.40951927716,72.74598526954651
4320,train,2.4754722118377686,11.88731912077505,0.0001954552904449161,484587.5583277265,73.03002190589905
4340,train,2.3858509063720703,10.868306642858922,0.00019450886960997566,484970.64744964225,73.31016874313354
4360,train,2.3729350566864014,10.728835858625699,0.00019356050181288975,485336.4748677061,73.59249067306519
4380,train,2.5029869079589844,12.218936346807775,0.00019261022853833812,485704.29027352785,73.87408494949341
4400,train,2.522507667541504,12.459802562674454,0.00019165809135435218,486079.89239388105,74.15406513214111
4420,train,2.4737792015075684,11.867210793311266,0.0001907041319104969,486440.6231407973,74.43588852882385
4440,train,2.4722814559936523,11.849450035450731,0.0001897483919360488,486801.8558460755,74.71721720695496
4460,train,2.4234535694122314,11.284764813376489,0.0001887909132381704,487172.27103179385,74.99671506881714
4480,train,2.4876348972320557,12.032783669975592,0.0001878317377000819,487516.46388250636,75.27983713150024
4500,train,2.458184242248535,11.68357772126711,0.00018687090727922853,487867.0625523571,75.56156754493713
4500,valid,2.430390626826185,11.36332003079226,0.00018687090727922853,487867.0625523571,75.56156754493713
4520,train,2.3655784130096436,10.650197248923934,0.00018590846400544565,486484.7064777941,76.11306071281433
4540,train,2.4325876235961914,11.388312652498188,0.0001849444499791198,486849.3056364488,76.39259123802185
4560,train,2.475825071334839,11.891514414352581,0.0001839789073693476,487212.3462014348,76.67194867134094
4580,train,2.2979109287261963,9.953367426377786,0.0001830118784120907,487574.9035477745,76.95096635818481
4600,train,2.5016298294067383,12.202365536848808,0.00018204340540832828,487926.09718298883,77.23136806488037
4620,train,2.423196792602539,11.281867519464445,0.00018107353072220717,488255.06549174874,77.51489472389221
4640,train,2.444174289703369,11.521032634977523,0.00018010229677918794,488596.3683307998,77.79607558250427
4660,train,2.392369031906128,10.939379007565995,0.00017912974606418971,488932.03724923084,78.07776355743408
4680,train,2.4210805892944336,11.258018038174207,0.00017815592111973132,489243.8884429472,78.3628797531128
4700,train,2.4430437088012695,11.508014535901708,0.0001771808645440706,489581.4399382147,78.64350414276123
4720,train,2.4322476387023926,11.384441456341877,0.00017620461898934094,489921.27220707876,78.92337441444397
4740,train,2.4764347076416016,11.898766123509962,0.0001752272271596855,490052.59315249295,79.23655652999878
4750,valid,2.3863193380071763,10.873398894103142,0.0001747381147505671,490215.1760588727,79.37738752365112
4760,train,2.3560168743133545,10.548850264481445,0.0001742487318093892,488761.34826452506,79.78110408782959
4780,train,2.357729434967041,10.566931288391991,0.0001732691757410086,489082.6760203449,80.06368231773376
4800,train,2.426969528198242,11.32451141412971,0.00017228860180349938,489438.73648585804,80.34018778800964
4820,train,2.505293369293213,12.247151376967032,0.0001713070528903422,489754.4769173686,80.62292814254761
4840,train,2.4310073852539062,11.370330615884635,0.00017032457193766633,490076.33339540137,80.90429449081421
4860,train,2.3614892959594727,10.606736264849975,0.00016934120192237145,490391.903519791,81.18633222579956
4880,train,2.38380765914917,10.846122676874627,0.00016835698586024767,490705.6146665289,81.46831583976746
4900,train,2.447305202484131,11.557160510403104,0.00016737196680409398,491020.9894324429,81.74966216087341
4920,train,2.4247655868530273,11.2995803386154,0.00016638618784183492,491334.38224212866,82.03097820281982
4940,train,2.4534525871276855,11.628425644114502,0.00016539969209463574,491631.16775494075,82.31471610069275
4960,train,2.3380212783813477,10.360715295150369,0.00016441252271501625,491950.60103902646,82.594309091568
4980,train,2.425769090652466,11.310925201771859,0.0001634247228849631,492247.45966498734,82.8773398399353
5000,train,2.326134204864502,10.23828581648596,0.00016243633581404092,492552.3534241769,83.15867280960083
5000,valid,2.3568714527373618,10.557868937348312,0.00016243633581404092,492552.3534241769,83.15867280960083
5020,train,2.309849977493286,10.072913377938763,0.00016144740473750214,481417.7730846109,85.42235517501831
5040,train,2.4477744102478027,11.562584492228268,0.00016045797291439564,481755.39320801746,85.7025797367096
5060,train,2.3340158462524414,10.319299153372784,0.0001594680836256747,482082.6705307826,85.98425650596619
5080,train,2.302600383758545,10.000152908814036,0.00015847778017230368,482405.3227405115,86.26637816429138
5100,train,2.2998268604278564,9.972455678622971,0.0001574871058733637,482743.9917729589,86.54525113105774
5120,train,2.307199239730835,10.046248083035476,0.00015649610406415798,483054.8645511954,86.82872915267944
5140,train,2.368553876876831,10.681933717960376,0.00015550481809431603,483379.15308733063,87.10942482948303
5160,train,2.372786521911621,10.72724237175482,0.00015451329132589752,483685.5311747975,87.39298009872437
5180,train,2.326821804046631,10.245328074287668,0.0001535215671314953,483957.06644369435,87.68248867988586
5200,train,2.3415513038635254,10.397353513031238,0.0001525296888923385,484188.900206342,87.97888588905334
5220,train,2.3537564277648926,10.525032082316507,0.00015153769999639452,484479.177423082,88.2643506526947
5240,train,2.439920425415039,11.472127816662827,0.00015054564383647123,484762.0267753158,88.5508303642273
5250,valid,2.3230262665038413,10.206515251302028,0.00015004960409362622,484899.41180385224,88.69468379020691
5260,train,2.324855327606201,10.225200674519938,0.00014955356380831888,483576.20588738506,89.10678291320801
5280,train,2.242253303527832,9.414521178633406,0.00014856150330873179,483795.5300814902,89.40504264831543
5300,train,2.286869525909424,9.844072780707815,0.00014756950573365006,484034.2434226129,89.69943881034851
5320,train,2.2846741676330566,9.822485218942003,0.00014657761447626127,484273.05384594854,89.99352669715881
5340,train,2.340003490447998,10.381272797961461,0.0001455858729251023,484501.5932579865,90.28923869132996
5360,train,2.3020389080047607,9.994539641425838,0.00014459432446216135,484779.45972954977,90.57545471191406
5380,train,2.3680684566497803,10.67674974957301,0.00014360301246098042,484993.64532516117,90.87327313423157
5400,train,2.3019280433654785,9.993431661812716,0.00014261198028475778,485252.63728986314,91.16241025924683
5420,train,2.3147003650665283,10.121889592606076,0.0001416212712844513,485471.0109353496,91.45889043807983
5440,train,2.33123517036438,10.29064438531022,0.0001406309287968822,485678.4453041197,91.75717067718506
5460,train,2.456801176071167,11.66742972953486,0.0001396409961428391,485954.6291277515,92.04217290878296
5480,train,2.3080060482025146,10.054356751728907,0.00013865151662518325,486155.9048165852,92.34107732772827
5500,train,2.3162906169891357,10.137998752407437,0.00013766253352695424,486416.6348857717,92.6284110546112
5500,valid,2.2927832146908376,9.902460035342425,0.00013766253352695424,486416.6348857717,92.6284110546112
5520,train,2.3036699295043945,10.01085425158319,0.00013667409010947656,485298.55665305286,93.17942404747009
5540,train,2.2732532024383545,9.710941140119001,0.00013568622961046745,485574.73830425914,93.46384072303772
5560,train,2.322099447250366,10.197060038769576,0.0001346989952421453,485852.81632692093,93.74756813049316
5580,train,2.306739330291748,10.041628781026398,0.00013371243018933974,486133.78671452246,94.0304114818573
5600,train,2.2825841903686523,9.801977885549416,0.0001327265776076021,486404.99950166215,94.31482005119324
5620,train,2.281473398208618,9.791095970253313,0.00013174148062131802,486680.32190910616,94.59811282157898
5640,train,2.3089306354522705,10.063657180652505,0.00013075718232182095,486973.79554689635,94.8775486946106
5660,train,2.311176300048828,10.08628217385994,0.0001297737257655072,487240.05538843427,95.16196274757385
5680,train,2.16096568107605,8.679515256400915,0.00012879115397195255,487505.9303373498,95.44614148139954
5700,train,2.2049074172973633,9.069411858324552,0.0001278095099220302,487773.60151468887,95.72965788841248
5720,train,2.192601442337036,8.95848781715798,0.00012682883655603118,488041.97631428676,96.01272487640381
5740,train,2.2712349891662598,9.691362153756284,0.00012584917677178531,488291.66289040225,96.29916620254517
5750,valid,2.2680062841861806,9.66012206416174,0.0001253597403663195,488395.8362381781,96.4463586807251
5760,train,2.263899326324463,9.62052970762583,0.0001248705734227853,487172.9105790102,96.85661697387695
5780,train,2.348428249359131,10.469101968785996,0.0001238930693163118,487429.886155065,97.14168405532837
5800,train,2.3181521892547607,10.156888946989769,0.00012291670721156114,487695.58952837397,97.42470717430115
5820,train,2.276719093322754,9.74465659579043,0.00012194152981777475,487958.12000516447,97.70805740356445
5840,train,2.291649341583252,9.891238265443254,0.00012096757979237096,488176.64719799283,97.99993562698364
5860,train,2.236229181289673,9.357977436444779,0.00011999489973907905,488416.65266508504,98.2872302532196
5880,train,2.2783682346343994,9.760740169948473,0.0001190235322060756,488667.41639313684,98.57207250595093
5900,train,2.3892617225646973,10.90543973021114,0.00011805351968412329,488901.20380984765,98.86005520820618
5920,train,2.201591968536377,9.039392479370623,0.00011708490460471227,489162.7118456753,99.14214396476746
5940,train,2.3678107261657715,10.673998380263516,0.00011611772933820394,489415.78581735014,99.42564463615417
5960,train,2.1932015419006348,8.963865415173291,0.00011515203619197769,489620.5121719701,99.71869802474976
5980,train,2.241802215576172,9.410275359250054,0.00011418786740858017,489880.5161273981,100.0002212524414
6000,train,2.2943837642669678,9.918322104182186,0.00011322526516387736,490119.9500874551,100.28565454483032
6000,valid,2.245662476154084,9.446671678688244,0.00011322526516387736,490119.9500874551,100.28565454483032
6020,train,2.2666096687316895,9.64664000521204,0.00011226427156520996,480735.1398170741,102.58422136306763
6040,train,2.400697708129883,11.030870024066187,0.0001113049286495511,480968.09574226214,102.87518119812012
6060,train,2.2999460697174072,9.973644558840872,0.00011034727838166774,481243.6836137189,103.15672016143799
6080,train,2.2491230964660645,9.479419654052304,0.00010939136265228498,481506.9447752651,103.440584897995
6100,train,2.2072458267211914,9.090644672313434,0.00010843722327625356,481724.0508293487,103.73407745361328
6120,train,2.3293983936309814,10.271760117532676,0.00010748490199072078,481967.5095633827,104.02161765098572
6140,train,2.259725570678711,9.580459646933663,0.00010653444045330465,482227.05549605243,104.30538773536682
6160,train,2.180206298828125,8.848131429594124,0.00010558588024027206,482483.37497294386,104.58955192565918
6180,train,2.181879997253418,8.862952933138278,0.00010463926284471953,482714.0836848134,104.87897849082947
6200,train,2.23262882232666,9.324345937569268,0.00010369462967475858,482961.5793593247,105.16447305679321
6220,train,2.1056132316589355,8.212137408458055,0.0001027520220517043,483211.650503948,105.44911313056946
6240,train,2.2249369621276855,9.252899502424672,0.00010181148120826768,483451.9932040518,105.73558640480042
6250,valid,2.2234843588889914,9.239468467983889,0.00010134199868945655,483575.10801652714,105.87807178497314
6260,train,2.2794747352600098,9.771546412507472,0.00010087304828675214,482468.73178749584,106.29066014289856
6280,train,2.1944775581359863,8.975310753640452,9.993676433725374e-05,482727.0910945799,106.57317757606506
6300,train,2.2558374404907227,9.543281895371088,9.900267031586568e-05,482970.9491980207,106.85860109329224
6320,train,2.218043088912964,9.189330556275864,9.807080708288643e-05,483220.1489247492,107.14255213737488
6340,train,2.2836461067199707,9.812392294778402,9.714121540103269e-05,483459.8026416119,107.42833161354065
6360,train,2.3424339294433594,10.406534534310508,9.621393593365597e-05,483697.2425357443,107.71432089805603
6380,train,2.180874824523926,8.85404861048799,9.528900924296421e-05,483945.2119726669,107.99767971038818
6400,train,2.158270835876465,8.65615679423343,9.436647578824718e-05,484204.61231040675,108.27819204330444
6420,train,2.261873245239258,9.601057467185711,9.344637592410674e-05,484481.8724649465,108.55440211296082
6440,train,2.1294171810150146,8.409963896201125,9.252874989869183e-05,484728.02792015305,108.83727979660034
6460,train,2.151660442352295,8.599124900724567,9.161363785193732e-05,484942.24137767137,109.12705779075623
6480,train,2.2053372859954834,9.073311352668036,9.070107981380876e-05,485184.49506976985,109.41025638580322
6500,train,2.2186193466186523,9.19462750487618,8.979111570255101e-05,485346.29287488223,109.7113561630249
6500,valid,2.2064691858088716,9.083587246639048,8.979111570255101e-05,485346.29287488223,109.7113561630249
6520,train,2.191051959991455,8.944617547086583,8.888378532294216e-05,484337.48278432403,110.27814674377441
6540,train,2.1210429668426514,8.339831120646316,8.797912836455236e-05,484556.4763593717,110.56643056869507
6560,train,2.1375136375427246,8.478331196251888,8.70771844000076e-05,484719.7142806772,110.86720514297485
6580,train,2.1120312213897705,8.265012315824388,8.617799288325894e-05,484924.7589511449,111.15819311141968
6600,train,2.383699417114258,10.844948734021303,8.528159314785613e-05,485170.3860931449,111.439612865448
6620,train,2.198037624359131,9.007320398717136,8.438802440522765e-05,485342.7913644978,111.73760271072388
6640,train,2.2335410118103027,9.332855388401091,8.349732574296501e-05,485557.83607250464,112.02554249763489
6660,train,2.251534938812256,9.502310112783995,8.260953612311312e-05,485744.9510545472,112.31968522071838
6680,train,2.1362037658691406,8.467232940610831,8.172469438046607e-05,485923.38002724206,112.61561441421509
6700,train,2.248408794403076,9.472650902791777,8.084283922086803e-05,486148.24691827514,112.90054082870483
6720,train,2.1130294799804688,8.273267054867466,7.996400921952072e-05,486308.35947249015,113.20027494430542
6740,train,2.1065492630004883,8.219827825127526,7.908824281929523e-05,486506.440309025,113.49095392227173
6750,valid,2.194417882472911,8.974775162000972,7.86515204464025e-05,486584.90636114817,113.64100956916809
6760,train,2.30678129196167,10.042050153379467,7.821557832905112e-05,485537.97925531876,114.05476474761963
6780,train,2.2260215282440186,9.262940327688028,7.734605392196017e-05,485729.95010161016,114.346994638443
6800,train,2.086737632751465,8.058582179155248,7.647970763383675e-05,485887.06779245945,114.647216796875
6820,train,2.1388301849365234,8.489500672050868,7.561657736147422e-05,486094.0839438165,114.9354453086853
6840,train,2.1877832412719727,8.915427840731434,7.475670086098665e-05,486250.1095924459,115.235511302948
6860,train,2.2229928970336914,9.23492873731223,7.390011574615804e-05,486444.39361823094,115.52629804611206
6880,train,2.2150423526763916,9.16179713002095,7.304685948679611e-05,486671.9113025552,115.80894374847412
6900,train,2.2402610778808594,9.395783998629906,7.21969694070938e-05,486908.17981349333,116.08923888206482
6920,train,2.1598434448242188,8.66978025324029,7.135048268399652e-05,487135.5283759079,116.37139296531677
6940,train,2.1509580612182617,8.59308715827152,7.050743634557569e-05,487362.5799868927,116.65335488319397
6960,train,2.1996474266052246,9.021832080661497,6.966786726940936e-05,487593.8185622708,116.9340500831604
6980,train,2.1568799018859863,8.644125021162305,6.883181218096863e-05,487815.85599316214,117.21669006347656
7000,train,2.1487746238708496,8.574345159276747,6.799930765201157e-05,488039.4781897845,117.49869132041931
7000,valid,2.1752928774407567,8.804763461189495,6.799930765201157e-05,488039.4781897845,117.49869132041931
7020,train,2.1448323726654053,8.540609477693863,6.717039009898328e-05,480164.88508127135,119.76685881614685
7040,train,2.1584038734436035,8.657308464880138,6.634509578142271e-05,480402.75129602855,120.04860472679138
7060,train,2.2167229652404785,9.177207507196865,6.552346080037705e-05,480645.9766415011,120.32873010635376
7080,train,2.127175807952881,8.391135138688188,6.470552109682194e-05,480875.22968680656,120.6120765209198
7100,train,2.284968852996826,9.825380188103438,6.38913124500899e-05,481108.7915939196,120.89407014846802
7120,train,2.028385639190674,7.60180439259337,6.308087047630471e-05,481345.51402906334,121.17499446868896
7140,train,2.240511894226074,9.398140910396512,6.227423062682383e-05,481574.20360295154,121.45766854286194
7160,train,2.089444875717163,8.08042827707793,6.147142818668746e-05,481808.94484634546,121.73854517936707
7180,train,2.2541017532348633,9.526732109387366,6.067249827307495e-05,482042.99815267365,122.0193223953247
7200,train,2.111081600189209,8.257167410340193,5.987747583376901e-05,482262.67930222757,122.30347180366516
7220,train,2.1748626232147217,8.80097598934739,5.9086395645626534e-05,482492.2696044245,122.58484482765198
7240,train,2.141301155090332,8.510503913336807,5.8299292313057805e-05,482726.5064020666,122.86476755142212
7250,valid,2.1657011204577508,8.720714044954947,5.790724273396562e-05,482828.239549654,123.00854659080505
7260,train,2.194535255432129,8.97582861974257,5.7516200266512334e-05,481887.3534041438,123.41871929168701
7280,train,2.1462929248809814,8.55309259769407,5.6737153760973195e-05,482115.4190085654,123.70017147064209
7300,train,2.152663230895996,8.607752329681361,5.5962186874458315e-05,482337.989515309,123.98276996612549
7320,train,2.190138578414917,8.936451428168906,5.519133350652976e-05,482577.4219103716,124.26076579093933
7340,train,2.163844347000122,8.704536678085184,5.442462737681116e-05,482797.86647533666,124.54338383674622
7360,train,2.3014426231384277,9.988581825146062,5.3662102023512335e-05,483017.17536262074,124.82603740692139
7380,train,2.14414119720459,8.534708457557551,5.290379080196255e-05,483124.8055584125,125.13735437393188
7400,train,2.1001765727996826,8.167611963361523,5.214972688315114e-05,483348.34263534984,125.4184501171112
7420,train,2.156989336013794,8.645071035206822,5.1399943252276776e-05,483560.68542091857,125.70219588279724
7440,train,2.1647591590881348,8.712503336901142,5.0654472707304506e-05,483780.64646280656,125.98370862007141
7460,train,2.084432363510132,8.040026373810083,4.991334785753085e-05,484001.7323308399,126.26467204093933
7480,train,2.1662051677703857,8.725110805428129,4.917660112215773e-05,484212.9335012048,126.5479621887207
7500,train,2.178285598754883,8.831153133236311,4.8444264728874055e-05,484432.94143368676,126.82869958877563
7500,valid,2.1520739413322287,8.602681365345912,4.8444264728874055e-05,484432.94143368676,126.82869958877563
7520,train,2.126264810562134,8.38349431738401,4.771637071244605e-05,483626.4305280818,127.378977060318
7540,train,2.164621591567993,8.71130486186037,4.6992950913316134e-05,483847.0325424617,127.65952014923096
7560,train,2.2125625610351562,9.139105928433287,4.627403697620973e-05,484057.8612818558,127.94239068031311
7580,train,2.1152093410491943,8.291321298353623,4.5559660348751634e-05,484265.448422447,128.22587323188782
7600,train,2.16446852684021,8.709971570395602,4.484985228008963e-05,484485.5449090783,128.50579476356506
7620,train,2.2123842239379883,9.137476232133272,4.4144643819528095e-05,484696.14403068135,128.7879855632782
7640,train,2.210085868835449,9.116499182599394,4.344406581516975e-05,484900.96125522594,129.07147026062012
7660,train,2.2545695304870605,9.531189540417055,4.274814891256595e-05,485118.4877568578,129.35132670402527
7680,train,2.1140971183776855,8.282104629273098,4.2056923553376575e-05,485330.0442171309,129.63252687454224
7700,train,2.1856555938720703,8.896479119114446,4.1370419974038014e-05,485534.657736467,129.91533970832825
7720,train,2.2735328674316406,9.713657330201691,4.068866820444083e-05,485751.128971277,130.19473600387573
7740,train,2.1432290077209473,8.526926735998487,4.001169806661602e-05,485957.2434176727,130.4766640663147
7750,valid,2.1431177068263927,8.525977734238321,3.967501537184509e-05,486060.1142567754,130.61758852005005
7760,train,2.1306564807891846,8.420392823507306,3.933953917343042e-05,485176.9528094159,131.02419567108154
7780,train,2.1438236236572266,8.531998490246714,3.867222092729161e-05,485375.83116100077,131.30806255340576
7800,train,2.127718210220337,8.395687743974044,3.800977251886136e-05,485583.927626499,131.58919882774353
7820,train,2.115938425064087,8.297368572392132,3.735222292577923e-05,485795.9095299495,131.86903953552246
7840,train,2.217676877975464,9.185965939035274,3.669960091139447e-05,485993.3232511649,132.15259742736816
7860,train,2.135831117630005,8.464078229000531,3.6051935023508236e-05,486190.915672759,132.43587636947632
7880,train,2.174525737762451,8.798011567934056,3.5409253593124655e-05,486397.9218136075,132.7163565158844
7900,train,2.071286201477051,7.935022594934183,3.4771584733211405e-05,486591.10126652714,133.00037717819214
7920,train,2.2052838802337646,9.072826798503042,3.413895633747025e-05,486790.54547188594,133.282457113266
7940,train,2.058210849761963,7.831944741783295,3.351139607911661e-05,486994.3031054092,133.5631229877472
7960,train,2.190124988555908,8.936329983879165,3.288893140966925e-05,487185.44184872153,133.8470208644867
7980,train,2.324580430984497,10.222390187712628,3.2271589557749235e-05,487387.0580687722,134.12781262397766
8000,train,2.1724228858947754,8.77953009159052,3.165939752788912e-05,487586.4567126244,134.4089834690094
8000,valid,2.134642945959213,8.454027423253233,3.165939752788912e-05,487586.4567126244,134.4089834690094
8020,train,2.1394948959350586,8.495145612438787,3.105238209935156e-05,480725.959014021,136.66796803474426
8040,train,2.1954030990600586,8.983621616477771,3.0450569824957793e-05,480929.4868227165,136.95080423355103
8060,train,2.149832248687744,8.583418396700598,2.985398702992637e-05,481133.96281469753,137.23313069343567
8080,train,2.1687445640563965,8.747295475315076,2.926265981072131e-05,481336.5151636916,137.51576685905457
8100,train,2.1657662391662598,8.721281945081092,2.867661403391091e-05,481535.71465661743,137.7991247177124
8120,train,2.0406227111816406,7.695399718621071,2.8095875335035905e-05,481738.7313257053,138.08115410804749
8140,train,2.1482019424438477,8.5694361968253,2.7520469117488336e-05,481944.05699521623,138.3622829914093
8160,train,2.1190621852874756,8.323328086837543,2.695042055140028e-05,482138.8974640867,138.64618754386902
8180,train,2.2190937995910645,9.198990958270954,2.6385754572542605e-05,482343.8936121376,138.92693758010864
8200,train,2.179518938064575,8.842051660955269,2.58264958812346e-05,482552.57950014604,139.20638465881348
8220,train,2.0530662536621094,7.791756015431978,2.5272668941263108e-05,482747.7153892517,139.4895052909851
8240,train,2.1194334030151367,8.326418427335618,2.4724297978812607e-05,482949.24424918793,139.77054691314697
8250,valid,2.129011007065469,8.406548681582425,2.445216599460999e-05,483055.1181742671,139.90949988365173
8260,train,2.0695340633392334,7.921131512322753,2.4181406981405517e-05,482227.8035409369,140.31940817832947
8280,train,2.1510186195373535,8.593607556942708,2.3644019696852767e-05,482428.0089989382,140.60079169273376
8300,train,2.116255760192871,8.300002036739896,2.3112159632215126e-05,482618.3455520224,140.8848226070404
8320,train,2.0711140632629395,7.93365679187258,2.2585850052774777e-05,482815.2207388608,141.16671776771545
8340,train,2.1963870525360107,8.992465432432146,2.206511398101769e-05,483008.00257506984,141.44958186149597
8360,train,2.099461317062378,8.161772120784072,2.154997419562665e-05,483199.7296164568,141.73252964019775
8380,train,2.1536567211151123,8.616308296860582,2.1040453230484656e-05,483400.47825887124,142.01260256767273
8400,train,2.1062793731689453,8.21760967652183,2.0536573373689336e-05,483589.50192825793,142.29589295387268
8420,train,2.1659255027770996,8.722671038547903,2.0038356666578047e-05,483781.6073637839,142.57805371284485
8440,train,2.187638282775879,8.914135567384871,1.9545824902763457e-05,483979.4721749029,142.85829043388367
8460,train,2.068793773651123,7.9152697503147005,1.9058999627180564e-05,484165.2533851032,143.14187049865723
8480,train,2.0119385719299316,7.477799557700725,1.8577902135143984e-05,484357.4722710472,143.42332673072815
8500,train,2.106057643890381,8.21578779384656,1.810255347141658e-05,484541.8502518596,143.706885099411
8500,valid,2.122780386437761,8.354333501367346,1.810255347141658e-05,484541.8502518596,143.706885099411
8520,train,2.136796474456787,8.472253029866376,1.7632974429288794e-05,483837.29636111396,144.2547743320465
8540,train,1.9936798810958862,7.342503649261942,1.7169185549669147e-05,484023.75717268,144.53769874572754
8560,train,2.098672389984131,8.155335617051389,1.6711207120185765e-05,484209.9310617206,144.82049107551575
8580,train,2.063720941543579,7.875218588084715,1.6259059174298726e-05,484402.247267938,145.1012260913849
8600,train,2.100095748901367,8.16695185179947,1.5812761490424e-05,484583.6860466009,145.3850016593933
8620,train,2.074100971221924,7.957389320282693,1.537233359106802e-05,484771.2342940055,145.66672897338867
8640,train,2.0386335849761963,7.680107811188322,1.4937794741973963e-05,484813.13935606217,145.99208283424377
8660,train,2.0712127685546875,7.934439924429879,1.4509163951278712e-05,484990.99539511465,146.27636528015137
8680,train,2.113832950592041,8.27991705298902,1.4086459968681696e-05,485177.9838871194,146.55768060684204
8700,train,2.0794074535369873,7.999727299505164,1.3669701284624473e-05,485364.9919723677,146.83877325057983
8720,train,2.140458106994629,8.5033321727051,1.3258906129481955e-05,485541.0295804257,147.12297344207764
8740,train,2.1000475883483887,8.166558536353358,1.285409247276507e-05,485724.1510764384,147.40481781959534
8750,valid,2.1184374195464115,8.318129580690618,1.2653934250264675e-05,485807.5008095547,147.54815411567688
8760,train,2.12668514251709,8.38701890863707,1.245527802233453e-05,485015.3517168634,147.95803833007812
8780,train,2.260627031326294,9.589099948151782,1.2062480223626431e-05,485203.5111548693,148.2383337020874
8800,train,2.065939426422119,7.89270903541051,1.1675716258888928e-05,485379.5912852414,148.52210783958435
8820,train,2.180772066116333,8.85313882929666,1.1295003046430778e-05,485563.7824156215,148.80319046974182
8840,train,2.084914207458496,8.043901345353813,1.092035723988129e-05,485754.1321751839,149.08216977119446
8860,train,2.125826597213745,8.379821363095568,1.0551795227461673e-05,485929.5319245464,149.36552572250366
8880,train,2.194086790084839,8.971804174123053,1.0189333131268356e-05,486109.83893631824,149.6471664905548
8900,train,2.183821201324463,8.880174443278415,9.832986806567623e-06,486293.74571411253,149.92748856544495
8920,train,2.1156516075134277,8.294989082717295,9.482771841102132e-06,486461.1611450737,150.2126908302307
8940,train,2.0496692657470703,7.765332420137211,9.138703554408994e-06,486640.52757135616,150.49400091171265
8960,train,2.2476353645324707,9.465327304139796,8.800796997149672e-06,486814.0593899914,150.77691078186035
8980,train,2.1501498222351074,8.586144696206732,8.469066950451725e-06,486991.3115962615,151.05846500396729
9000,train,2.1884398460388184,8.921283675424228,8.143527925261978e-06,487170.91664273734,151.33908343315125
9000,valid,2.1146678341195937,8.28683270582668,8.143527925261978e-06,487170.91664273734,151.33908343315125
9020,train,2.2061357498168945,9.080558956613256,7.824194161712055e-06,481065.4535585768,153.6003873348236
9040,train,2.061662197113037,7.85902220350607,7.511079628495226e-06,481244.58147764904,153.88366508483887
9060,train,2.0163424015045166,7.510803130261729,7.2041980222555086e-06,481430.189663813,154.1646568775177
9080,train,2.0869059562683105,8.059938742215962,6.903562766988569e-06,481618.7387490858,154.44448900222778
9100,train,2.129701614379883,8.412356310755673,6.609187013454353e-06,481794.5817586596,154.728182554245
9120,train,2.1273508071899414,8.392603709431162,6.321083638602004e-06,481976.220906281,155.00980496406555
9140,train,2.0530011653900146,7.791248880000814,6.03926524500642e-06,482152.34152120864,155.2929925918579
9160,train,2.293578624725342,9.91033968478149,5.763744160317152e-06,482338.8480313344,155.57262349128723
9180,train,2.0939793586730957,8.11715204009098,5.4945324367189844e-06,482526.5675777802,155.85164642333984
9200,train,2.1076507568359375,8.228886903148716,5.2316418504048055e-06,482696.9672937057,156.13605451583862
9220,train,2.0074336528778076,7.444188440529139,4.975083901060567e-06,482873.6341455115,156.41823172569275
9240,train,2.1224300861358643,8.351407488341215,4.724869811362042e-06,483055.2666389174,156.69859170913696
9250,valid,2.1121670768616045,8.266135239248186,4.602145145100128e-06,483131.8722902623,156.84330582618713
9260,train,2.114617347717285,8.28641434401771,4.48101052648413e-06,482382.62935508473,157.25674057006836
9280,train,2.146169662475586,8.55203838790046,4.243516713621942e-06,482579.01308373944,157.53225469589233
9300,train,2.0891644954681396,8.078163002169397,4.012398761524222e-06,482761.090224033,157.81222128868103
9320,train,2.096066474914551,8.134111171631412,3.787666780038945e-06,482948.4496613145,158.090247631073
9340,train,2.1346595287323,8.454167615634047,3.5693305996709386e-06,483119.48547472735,158.37340927124023
9360,train,2.112577438354492,8.269528038934936,3.357399771152125e-06,483300.0052208765,158.65325713157654
9380,train,2.16911244392395,8.750514021198805,3.1518835650234385e-06,483473.1805294065,158.93531036376953
9400,train,2.1138877868652344,8.280371105231708,2.9527909712295517e-06,483654.51359773846,159.21447610855103
9420,train,2.0455474853515625,7.733391297570519,2.7601306987255047e-06,483825.44084284466,159.49686288833618
9440,train,2.214155673980713,9.153677160125781,2.5739111750956944e-06,484000.6814621714,159.77762627601624
9460,train,2.111804485321045,8.263138551856894,2.3941405461854024e-06,484088.14188882586,160.08720993995667
9480,train,2.1093902587890625,8.243213524969569,2.2208266757442805e-06,484265.1421923968,160.36702466011047
9500,train,2.0454719066619873,7.73280684007682,2.0539771450824914e-06,484451.4320346888,160.64355444908142
9500,valid,2.1109723867254053,8.256265665728325,2.0539771450824914e-06,484451.4320346888,160.64355444908142
9520,train,2.1116459369659424,8.261828548683681,1.893599252739042e-06,483813.0040161226,161.19417905807495
9540,train,2.0666472911834717,7.898297983884753,1.739700014162454e-06,483990.9113161196,161.47344541549683
9560,train,2.179753303527832,8.84412417534234,1.592286161404044e-06,484165.8649707341,161.753493309021
9580,train,2.104124069213867,8.199917302955013,1.4513641428232247e-06,484347.0534158974,162.03125309944153
9600,train,2.037524700164795,7.671596176370032,1.3169401228056652e-06,484515.9104709673,162.31293606758118
9620,train,2.143353223800659,8.527985983196029,1.1890199814934388e-06,484686.3508493453,162.593891620636
9640,train,2.061325788497925,7.856378805386331,1.0676093145279618e-06,484850.56085179717,162.87674260139465
9660,train,2.066476821899414,7.8969516814370335,9.527134328050912e-07,485031.6908075222,163.1537103652954
9680,train,2.040670156478882,7.695764837809637,8.443373622429084e-07,485190.29648172244,163.43805837631226
9700,train,2.1319735050201416,8.43148999090517,7.42485843561863e-07,485361.16270336387,163.7180848121643
9720,train,2.144308567047119,8.536137029914755,6.471633320772885e-07,485527.9168487481,163.9993031024933
9740,train,2.184234142303467,8.883842188435768,5.583739975046909e-07,485696.4544083904,164.27972507476807
9750,valid,2.1102001844568457,8.24989261960844,5.16430496457565e-07,485785.84815019486,164.418128490448
9760,train,2.1062569618225098,8.217425510888205,4.761217237771453e-07,485074.2061726878,164.8282241821289
9780,train,2.1873435974121094,8.911509089113865,4.004101088756151e-07,485249.327683119,165.1063802242279
9800,train,2.1459057331085205,8.549781551657404,3.3124246467137736e-07,485409.3868509301,165.38946747779846
9820,train,2.1246232986450195,8.369744000297235,2.686218167812726e-07,485584.07769970846,165.66737604141235
9840,train,2.1336512565612793,8.445647809561521,2.125509044353102e-07,485747.4031646248,165.94896745681763
9860,train,2.0646634101867676,7.88264423333149,1.6303218035681466e-07,485904.279386228,166.2325758934021
9880,train,2.1537389755249023,8.617017055362966,1.200678106552111e-07,486064.46704339416,166.51486682891846
9900,train,2.086427688598633,8.056084855764086,8.365967473123459e-08,486233.2012413378,166.7940399646759
9920,train,2.1190662384033203,8.32336182231886,5.38093651946625e-08,486384.5087336172,167.07900547981262
9940,train,2.1467437744140625,8.556949624902265,3.051818779475357e-08,486537.09748030815,167.3633530139923
9960,train,2.0933196544647217,8.111798886673185,1.378716136306024e-08,486687.5960771423,167.64824223518372
9980,train,2.173562526702881,8.78954130586952,3.6170177688810142e-09,486840.1690559258,167.93223977088928
10000,train,2.1116368770599365,8.261753697632665,8.201887236047866e-12,486993.44926176884,168.21581506729126
10000,valid,2.1100761611410914,8.248869504017545,8.201887236047866e-12,486993.44926176884,168.21581506729126
10000,valid_final,2.1100761611410914,8.248869504017545,0.0003,480313.1426216095,170.55539965629578
